"","subject","action","acceleration_measurements","mean_value"
"1","2","WALKING","meanAccelerationXaxis",0.276426586440678
"2","4","WALKING","meanAccelerationXaxis",0.278582015166667
"3","9","WALKING","meanAccelerationXaxis",0.278502842115385
"4","10","WALKING","meanAccelerationXaxis",0.278574076603774
"5","12","WALKING","meanAccelerationXaxis",0.2771286656
"6","13","WALKING","meanAccelerationXaxis",0.275883130350877
"7","18","WALKING","meanAccelerationXaxis",0.273887758571429
"8","20","WALKING","meanAccelerationXaxis",0.272589336470588
"9","24","WALKING","meanAccelerationXaxis",0.276980816034483
"10","1","WALKING","meanAccelerationXaxis",0.277330758736842
"11","3","WALKING","meanAccelerationXaxis",0.275567462068966
"12","5","WALKING","meanAccelerationXaxis",0.27784234625
"13","6","WALKING","meanAccelerationXaxis",0.283658868070175
"14","7","WALKING","meanAccelerationXaxis",0.275592961754386
"15","8","WALKING","meanAccelerationXaxis",0.27468631
"16","11","WALKING","meanAccelerationXaxis",0.271821892881356
"17","14","WALKING","meanAccelerationXaxis",0.271959598644068
"18","15","WALKING","meanAccelerationXaxis",0.273899207962963
"19","16","WALKING","meanAccelerationXaxis",0.276023564509804
"20","17","WALKING","meanAccelerationXaxis",0.272341855245902
"21","19","WALKING","meanAccelerationXaxis",0.273931172307692
"22","21","WALKING","meanAccelerationXaxis",0.279183526730769
"23","22","WALKING","meanAccelerationXaxis",0.27886459
"24","23","WALKING","meanAccelerationXaxis",0.273211884237288
"25","25","WALKING","meanAccelerationXaxis",0.278992759054054
"26","26","WALKING","meanAccelerationXaxis",0.279264443728814
"27","27","WALKING","meanAccelerationXaxis",0.276849485438596
"28","28","WALKING","meanAccelerationXaxis",0.281228223888889
"29","29","WALKING","meanAccelerationXaxis",0.271999916792453
"30","30","WALKING","meanAccelerationXaxis",0.276406758
"31","2","WALKING_UPSTAIRS","meanAccelerationXaxis",0.247164790395833
"32","4","WALKING_UPSTAIRS","meanAccelerationXaxis",0.270876696730769
"33","9","WALKING_UPSTAIRS","meanAccelerationXaxis",0.262436475714286
"34","10","WALKING_UPSTAIRS","meanAccelerationXaxis",0.267121853404255
"35","12","WALKING_UPSTAIRS","meanAccelerationXaxis",0.272970338653846
"36","13","WALKING_UPSTAIRS","meanAccelerationXaxis",0.258203939581818
"37","18","WALKING_UPSTAIRS","meanAccelerationXaxis",0.265401201896552
"38","20","WALKING_UPSTAIRS","meanAccelerationXaxis",0.252098317156863
"39","24","WALKING_UPSTAIRS","meanAccelerationXaxis",0.269881106779661
"40","1","WALKING_UPSTAIRS","meanAccelerationXaxis",0.255461689622641
"41","3","WALKING_UPSTAIRS","meanAccelerationXaxis",0.260819873067797
"42","5","WALKING_UPSTAIRS","meanAccelerationXaxis",0.268459469914894
"43","6","WALKING_UPSTAIRS","meanAccelerationXaxis",0.268229355098039
"44","7","WALKING_UPSTAIRS","meanAccelerationXaxis",0.248706923078431
"45","8","WALKING_UPSTAIRS","meanAccelerationXaxis",0.258880152048781
"46","11","WALKING_UPSTAIRS","meanAccelerationXaxis",0.263775859277778
"47","14","WALKING_UPSTAIRS","meanAccelerationXaxis",0.26242106612963
"48","15","WALKING_UPSTAIRS","meanAccelerationXaxis",0.270187595833333
"49","16","WALKING_UPSTAIRS","meanAccelerationXaxis",0.255986102627451
"50","17","WALKING_UPSTAIRS","meanAccelerationXaxis",0.252604768583333
"51","19","WALKING_UPSTAIRS","meanAccelerationXaxis",0.242118808925
"52","21","WALKING_UPSTAIRS","meanAccelerationXaxis",0.265194544680851
"53","22","WALKING_UPSTAIRS","meanAccelerationXaxis",0.248391534566667
"54","23","WALKING_UPSTAIRS","meanAccelerationXaxis",0.249995171031373
"55","25","WALKING_UPSTAIRS","meanAccelerationXaxis",0.277995411384615
"56","26","WALKING_UPSTAIRS","meanAccelerationXaxis",0.272691394545455
"57","27","WALKING_UPSTAIRS","meanAccelerationXaxis",0.265770253921569
"58","28","WALKING_UPSTAIRS","meanAccelerationXaxis",0.262005841764706
"59","29","WALKING_UPSTAIRS","meanAccelerationXaxis",0.265423066877551
"60","30","WALKING_UPSTAIRS","meanAccelerationXaxis",0.271415642261538
"61","2","WALKING_DOWNSTAIRS","meanAccelerationXaxis",0.27761534806383
"62","4","WALKING_DOWNSTAIRS","meanAccelerationXaxis",0.279965329555556
"63","9","WALKING_DOWNSTAIRS","meanAccelerationXaxis",0.295923445
"64","10","WALKING_DOWNSTAIRS","meanAccelerationXaxis",0.290401594315789
"65","12","WALKING_DOWNSTAIRS","meanAccelerationXaxis",0.281521097391304
"66","13","WALKING_DOWNSTAIRS","meanAccelerationXaxis",0.294907553404255
"67","18","WALKING_DOWNSTAIRS","meanAccelerationXaxis",0.288439468909091
"68","20","WALKING_DOWNSTAIRS","meanAccelerationXaxis",0.296144421355556
"69","24","WALKING_DOWNSTAIRS","meanAccelerationXaxis",0.288631208909091
"70","1","WALKING_DOWNSTAIRS","meanAccelerationXaxis",0.289188320408163
"71","3","WALKING_DOWNSTAIRS","meanAccelerationXaxis",0.292423484693878
"72","5","WALKING_DOWNSTAIRS","meanAccelerationXaxis",0.29354392712766
"73","6","WALKING_DOWNSTAIRS","meanAccelerationXaxis",0.277045258145833
"74","7","WALKING_DOWNSTAIRS","meanAccelerationXaxis",0.28030708
"75","8","WALKING_DOWNSTAIRS","meanAccelerationXaxis",0.283484089210526
"76","11","WALKING_DOWNSTAIRS","meanAccelerationXaxis",0.291605631956522
"77","14","WALKING_DOWNSTAIRS","meanAccelerationXaxis",0.293422115555556
"78","15","WALKING_DOWNSTAIRS","meanAccelerationXaxis",0.280198851190476
"79","16","WALKING_DOWNSTAIRS","meanAccelerationXaxis",0.295586802191489
"80","17","WALKING_DOWNSTAIRS","meanAccelerationXaxis",0.29391828326087
"81","19","WALKING_DOWNSTAIRS","meanAccelerationXaxis",0.262688053871795
"82","21","WALKING_DOWNSTAIRS","meanAccelerationXaxis",0.3014610196
"83","22","WALKING_DOWNSTAIRS","meanAccelerationXaxis",0.284458963861111
"84","23","WALKING_DOWNSTAIRS","meanAccelerationXaxis",0.289897411148148
"85","25","WALKING_DOWNSTAIRS","meanAccelerationXaxis",0.291329666206897
"86","26","WALKING_DOWNSTAIRS","meanAccelerationXaxis",0.2792845828
"87","27","WALKING_DOWNSTAIRS","meanAccelerationXaxis",0.2975441875
"88","28","WALKING_DOWNSTAIRS","meanAccelerationXaxis",0.293642076521739
"89","29","WALKING_DOWNSTAIRS","meanAccelerationXaxis",0.293140441083333
"90","30","WALKING_DOWNSTAIRS","meanAccelerationXaxis",0.283190646967742
"91","2","SITTING","meanAccelerationXaxis",0.27708735173913
"92","4","SITTING","meanAccelerationXaxis",0.27153827992
"93","9","SITTING","meanAccelerationXaxis",0.24832674354
"94","10","SITTING","meanAccelerationXaxis",0.270612056481481
"95","12","SITTING","meanAccelerationXaxis",0.275007224901961
"96","13","SITTING","meanAccelerationXaxis",0.274328499591837
"97","18","SITTING","meanAccelerationXaxis",0.27727001877193
"98","20","SITTING","meanAccelerationXaxis",0.278045439090909
"99","24","SITTING","meanAccelerationXaxis",0.273475690147059
"100","1","SITTING","meanAccelerationXaxis",0.261237565425532
"101","3","SITTING","meanAccelerationXaxis",0.257197599134615
"102","5","SITTING","meanAccelerationXaxis",0.273694139545455
"103","6","SITTING","meanAccelerationXaxis",0.276778487454545
"104","7","SITTING","meanAccelerationXaxis",0.284674637291667
"105","8","SITTING","meanAccelerationXaxis",0.267491472934783
"106","11","SITTING","meanAccelerationXaxis",0.276590197358491
"107","14","SITTING","meanAccelerationXaxis",0.279990577037037
"108","15","SITTING","meanAccelerationXaxis",0.27290337979661
"109","16","SITTING","meanAccelerationXaxis",0.280768574492754
"110","17","SITTING","meanAccelerationXaxis",0.2773570196875
"111","19","SITTING","meanAccelerationXaxis",0.273830316164384
"112","21","SITTING","meanAccelerationXaxis",0.277539616823529
"113","22","SITTING","meanAccelerationXaxis",0.273583822709677
"114","23","SITTING","meanAccelerationXaxis",0.273351251617647
"115","25","SITTING","meanAccelerationXaxis",0.278541482461538
"116","26","SITTING","meanAccelerationXaxis",0.258243530166667
"117","27","SITTING","meanAccelerationXaxis",0.273941302571429
"118","28","SITTING","meanAccelerationXaxis",0.276977629444444
"119","29","SITTING","meanAccelerationXaxis",0.2771799775
"120","30","SITTING","meanAccelerationXaxis",0.268336081379032
"121","2","STANDING","meanAccelerationXaxis",0.277911472222222
"122","4","STANDING","meanAccelerationXaxis",0.280499745892857
"123","9","STANDING","meanAccelerationXaxis",0.282310057333333
"124","10","STANDING","meanAccelerationXaxis",0.276650300681818
"125","12","STANDING","meanAccelerationXaxis",0.277405834918033
"126","13","STANDING","meanAccelerationXaxis",0.277758431052632
"127","18","STANDING","meanAccelerationXaxis",0.278458805890411
"128","20","STANDING","meanAccelerationXaxis",0.278076904657534
"129","24","STANDING","meanAccelerationXaxis",0.280348883913043
"130","1","STANDING","meanAccelerationXaxis",0.278917629056604
"131","3","STANDING","meanAccelerationXaxis",0.280046513278689
"132","5","STANDING","meanAccelerationXaxis",0.282544390892857
"133","6","STANDING","meanAccelerationXaxis",0.280346248596491
"134","7","STANDING","meanAccelerationXaxis",0.282723539433962
"135","8","STANDING","meanAccelerationXaxis",0.279620986111111
"136","11","STANDING","meanAccelerationXaxis",0.277715562765957
"137","14","STANDING","meanAccelerationXaxis",0.280545613833333
"138","15","STANDING","meanAccelerationXaxis",0.278915803962264
"139","16","STANDING","meanAccelerationXaxis",0.283497402948718
"140","17","STANDING","meanAccelerationXaxis",0.277942503333333
"141","19","STANDING","meanAccelerationXaxis",0.27817226
"142","21","STANDING","meanAccelerationXaxis",0.27695224258427
"143","22","STANDING","meanAccelerationXaxis",0.279053861587302
"144","23","STANDING","meanAccelerationXaxis",0.277899323235294
"145","25","STANDING","meanAccelerationXaxis",0.278013701621622
"146","26","STANDING","meanAccelerationXaxis",0.281127035405405
"147","27","STANDING","meanAccelerationXaxis",0.279566921625
"148","28","STANDING","meanAccelerationXaxis",0.277795069113924
"149","29","STANDING","meanAccelerationXaxis",0.277965065846154
"150","30","STANDING","meanAccelerationXaxis",0.277112699152542
"151","2","LAYING","meanAccelerationXaxis",0.281373403958333
"152","4","LAYING","meanAccelerationXaxis",0.263559214981481
"153","9","LAYING","meanAccelerationXaxis",0.2591955368
"154","10","LAYING","meanAccelerationXaxis",0.280230574137931
"155","12","LAYING","meanAccelerationXaxis",0.260113433
"156","13","LAYING","meanAccelerationXaxis",0.276716360483871
"157","18","LAYING","meanAccelerationXaxis",0.274691576923077
"158","20","LAYING","meanAccelerationXaxis",0.239507882205882
"159","24","LAYING","meanAccelerationXaxis",0.272850494930556
"160","1","LAYING","meanAccelerationXaxis",0.22159824394
"161","3","LAYING","meanAccelerationXaxis",0.275516852741935
"162","5","LAYING","meanAccelerationXaxis",0.278334325576923
"163","6","LAYING","meanAccelerationXaxis",0.248656520140351
"164","7","LAYING","meanAccelerationXaxis",0.250176694038462
"165","8","LAYING","meanAccelerationXaxis",0.261254282907407
"166","11","LAYING","meanAccelerationXaxis",0.280592970877193
"167","14","LAYING","meanAccelerationXaxis",0.233275439803922
"168","15","LAYING","meanAccelerationXaxis",0.2894756525
"169","16","LAYING","meanAccelerationXaxis",0.274227162571429
"170","17","LAYING","meanAccelerationXaxis",0.269780085577465
"171","19","LAYING","meanAccelerationXaxis",0.272653733493976
"172","21","LAYING","meanAccelerationXaxis",0.271325472455556
"173","22","LAYING","meanAccelerationXaxis",0.279959721194444
"174","23","LAYING","meanAccelerationXaxis",0.274038007986111
"175","25","LAYING","meanAccelerationXaxis",0.250791828613699
"176","26","LAYING","meanAccelerationXaxis",0.271645864540789
"177","27","LAYING","meanAccelerationXaxis",0.274102492432432
"178","28","LAYING","meanAccelerationXaxis",0.2759134825
"179","29","LAYING","meanAccelerationXaxis",0.287295196811594
"180","30","LAYING","meanAccelerationXaxis",0.281033900571429
"181","2","WALKING","meanAccelerationYaxis",-0.0185949199145763
"182","4","WALKING","meanAccelerationYaxis",-0.0148399475341667
"183","9","WALKING","meanAccelerationYaxis",-0.0180891971284423
"184","10","WALKING","meanAccelerationYaxis",-0.017022351190566
"185","12","WALKING","meanAccelerationYaxis",-0.015560927606
"186","13","WALKING","meanAccelerationYaxis",-0.0185660651947368
"187","18","WALKING","meanAccelerationYaxis",-0.0178023631866071
"188","20","WALKING","meanAccelerationYaxis",-0.021199992245098
"189","24","WALKING","meanAccelerationYaxis",-0.0225446400534483
"190","1","WALKING","meanAccelerationYaxis",-0.0173838185273684
"191","3","WALKING","meanAccelerationYaxis",-0.0171767844203448
"192","5","WALKING","meanAccelerationYaxis",-0.0172850317482679
"193","6","WALKING","meanAccelerationYaxis",-0.0168954189082456
"194","7","WALKING","meanAccelerationYaxis",-0.018653665345614
"195","8","WALKING","meanAccelerationYaxis",-0.0186628865310417
"196","11","WALKING","meanAccelerationYaxis",-0.0166475833623729
"197","14","WALKING","meanAccelerationYaxis",-0.0217785380966102
"198","15","WALKING","meanAccelerationYaxis",-0.0170809740090741
"199","16","WALKING","meanAccelerationYaxis",-0.0204286929452941
"200","17","WALKING","meanAccelerationYaxis",-0.0184875403339344
"201","19","WALKING","meanAccelerationYaxis",-0.0191773587903846
"202","21","WALKING","meanAccelerationYaxis",-0.0181610317526923
"203","22","WALKING","meanAccelerationYaxis",-0.0167213607957174
"204","23","WALKING","meanAccelerationYaxis",-0.0183618711932203
"205","25","WALKING","meanAccelerationYaxis",-0.0186477624716216
"206","26","WALKING","meanAccelerationYaxis",-0.0154259586949153
"207","27","WALKING","meanAccelerationYaxis",-0.0166478783221912
"208","28","WALKING","meanAccelerationYaxis",-0.0156759722981481
"209","29","WALKING","meanAccelerationYaxis",-0.0162915600588679
"210","30","WALKING","meanAccelerationYaxis",-0.0175880385730769
"211","2","WALKING_UPSTAIRS","meanAccelerationYaxis",-0.0214121132045833
"212","4","WALKING_UPSTAIRS","meanAccelerationYaxis",-0.0319804295729615
"213","9","WALKING_UPSTAIRS","meanAccelerationYaxis",-0.0195101099975714
"214","10","WALKING_UPSTAIRS","meanAccelerationYaxis",-0.0143854920340426
"215","12","WALKING_UPSTAIRS","meanAccelerationYaxis",-0.0263574903403846
"216","13","WALKING_UPSTAIRS","meanAccelerationYaxis",-0.0277392253910909
"217","18","WALKING_UPSTAIRS","meanAccelerationYaxis",-0.0222060684378914
"218","20","WALKING_UPSTAIRS","meanAccelerationYaxis",-0.0282258047588235
"219","24","WALKING_UPSTAIRS","meanAccelerationYaxis",-0.0251979434569492
"220","1","WALKING_UPSTAIRS","meanAccelerationYaxis",-0.0239531492643396
"221","3","WALKING_UPSTAIRS","meanAccelerationYaxis",-0.0324109410555932
"222","5","WALKING_UPSTAIRS","meanAccelerationYaxis",-0.0325269755153191
"223","6","WALKING_UPSTAIRS","meanAccelerationYaxis",-0.0272425385070588
"224","7","WALKING_UPSTAIRS","meanAccelerationYaxis",-0.0275639005607843
"225","8","WALKING_UPSTAIRS","meanAccelerationYaxis",-0.0282415136341463
"226","11","WALKING_UPSTAIRS","meanAccelerationYaxis",-0.0303157822055556
"227","14","WALKING_UPSTAIRS","meanAccelerationYaxis",-0.0204388180024074
"228","15","WALKING_UPSTAIRS","meanAccelerationYaxis",-0.0287523860708333
"229","16","WALKING_UPSTAIRS","meanAccelerationYaxis",-0.0143654945011765
"230","17","WALKING_UPSTAIRS","meanAccelerationYaxis",-0.0228645614308333
"231","19","WALKING_UPSTAIRS","meanAccelerationYaxis",-0.0303986615775
"232","21","WALKING_UPSTAIRS","meanAccelerationYaxis",-0.0237218695148936
"233","22","WALKING_UPSTAIRS","meanAccelerationYaxis",-0.0268622561133333
"234","23","WALKING_UPSTAIRS","meanAccelerationYaxis",-0.0323844029237255
"235","25","WALKING_UPSTAIRS","meanAccelerationYaxis",-0.0269863524264615
"236","26","WALKING_UPSTAIRS","meanAccelerationYaxis",-0.0281633797398182
"237","27","WALKING_UPSTAIRS","meanAccelerationYaxis",-0.0200953324078431
"238","28","WALKING_UPSTAIRS","meanAccelerationYaxis",-0.0279443943478431
"239","29","WALKING_UPSTAIRS","meanAccelerationYaxis",-0.0299465312326531
"240","30","WALKING_UPSTAIRS","meanAccelerationYaxis",-0.0253311698786154
"241","2","WALKING_DOWNSTAIRS","meanAccelerationYaxis",-0.0226614158361702
"242","4","WALKING_DOWNSTAIRS","meanAccelerationYaxis",-0.00980200850666667
"243","9","WALKING_DOWNSTAIRS","meanAccelerationYaxis",-0.0203994269075476
"244","10","WALKING_DOWNSTAIRS","meanAccelerationYaxis",-0.0200050770710526
"245","12","WALKING_DOWNSTAIRS","meanAccelerationYaxis",-0.018084266865793
"246","13","WALKING_DOWNSTAIRS","meanAccelerationYaxis",-0.0143723839108511
"247","18","WALKING_DOWNSTAIRS","meanAccelerationYaxis",-0.0168666920221818
"248","20","WALKING_DOWNSTAIRS","meanAccelerationYaxis",-0.00964120773155556
"249","24","WALKING_DOWNSTAIRS","meanAccelerationYaxis",-0.0145730348310909
"250","1","WALKING_DOWNSTAIRS","meanAccelerationYaxis",-0.00991850461020408
"251","3","WALKING_DOWNSTAIRS","meanAccelerationYaxis",-0.0193554079328571
"252","5","WALKING_DOWNSTAIRS","meanAccelerationYaxis",-0.00850107533191489
"253","6","WALKING_DOWNSTAIRS","meanAccelerationYaxis",-0.019536840063125
"254","7","WALKING_DOWNSTAIRS","meanAccelerationYaxis",-0.0166332372978723
"255","8","WALKING_DOWNSTAIRS","meanAccelerationYaxis",-0.0211058674973684
"256","11","WALKING_DOWNSTAIRS","meanAccelerationYaxis",-0.0178097721219565
"257","14","WALKING_DOWNSTAIRS","meanAccelerationYaxis",-0.0200141413657778
"258","15","WALKING_DOWNSTAIRS","meanAccelerationYaxis",-0.00563047804309524
"259","16","WALKING_DOWNSTAIRS","meanAccelerationYaxis",-0.0183898583787234
"260","17","WALKING_DOWNSTAIRS","meanAccelerationYaxis",-0.0167359404347826
"261","19","WALKING_DOWNSTAIRS","meanAccelerationYaxis",-0.0145942275069487
"262","21","WALKING_DOWNSTAIRS","meanAccelerationYaxis",-0.0173195390157778
"263","22","WALKING_DOWNSTAIRS","meanAccelerationYaxis",-0.0197999371686389
"264","23","WALKING_DOWNSTAIRS","meanAccelerationYaxis",-0.0162111457238889
"265","25","WALKING_DOWNSTAIRS","meanAccelerationYaxis",-0.0210170522987931
"266","26","WALKING_DOWNSTAIRS","meanAccelerationYaxis",-0.01262580966778
"267","27","WALKING_DOWNSTAIRS","meanAccelerationYaxis",-0.0135564467159091
"268","28","WALKING_DOWNSTAIRS","meanAccelerationYaxis",-0.0220230465913043
"269","29","WALKING_DOWNSTAIRS","meanAccelerationYaxis",-0.01494121505625
"270","30","WALKING_DOWNSTAIRS","meanAccelerationYaxis",-0.0174383900204839
"271","2","SITTING","meanAccelerationYaxis",-0.0156879937282609
"272","4","SITTING","meanAccelerationYaxis",-0.007163065158
"273","9","SITTING","meanAccelerationYaxis",-0.02701677698
"274","10","SITTING","meanAccelerationYaxis",-0.015042681852037
"275","12","SITTING","meanAccelerationYaxis",-0.0157892988523529
"276","13","SITTING","meanAccelerationYaxis",-0.00587732936326531
"277","18","SITTING","meanAccelerationYaxis",-0.0128691279736842
"278","20","SITTING","meanAccelerationYaxis",-0.0147229305131818
"279","24","SITTING","meanAccelerationYaxis",-0.0131255097938235
"280","1","SITTING","meanAccelerationYaxis",-0.00130828765170213
"281","3","SITTING","meanAccelerationYaxis",-0.00350299841730769
"282","5","SITTING","meanAccelerationYaxis",-0.00990083527045455
"283","6","SITTING","meanAccelerationYaxis",-0.0145911615290909
"284","7","SITTING","meanAccelerationYaxis",-0.01461097580375
"285","8","SITTING","meanAccelerationYaxis",-0.00672550621304348
"286","11","SITTING","meanAccelerationYaxis",-0.0149195616754717
"287","14","SITTING","meanAccelerationYaxis",-0.00870565463888889
"288","15","SITTING","meanAccelerationYaxis",-0.0117188472271186
"289","16","SITTING","meanAccelerationYaxis",-0.0102497939956522
"290","17","SITTING","meanAccelerationYaxis",-0.014156274084375
"291","19","SITTING","meanAccelerationYaxis",-0.016739260030137
"292","21","SITTING","meanAccelerationYaxis",-0.0144009705494118
"293","22","SITTING","meanAccelerationYaxis",-0.0123468446419355
"294","23","SITTING","meanAccelerationYaxis",-0.0133945015676471
"295","25","SITTING","meanAccelerationYaxis",-0.0147696808030769
"296","26","SITTING","meanAccelerationYaxis",-0.00713364541358974
"297","27","SITTING","meanAccelerationYaxis",-0.0155269799285714
"298","28","SITTING","meanAccelerationYaxis",-0.0185404441258333
"299","29","SITTING","meanAccelerationYaxis",-0.016630680375
"300","30","SITTING","meanAccelerationYaxis",-0.00804731295322581
"301","2","STANDING","meanAccelerationYaxis",-0.0184208270166667
"302","4","STANDING","meanAccelerationYaxis",-0.00948911098553571
"303","9","STANDING","meanAccelerationYaxis",-0.0200454954022222
"304","10","STANDING","meanAccelerationYaxis",-0.0155418603409091
"305","12","STANDING","meanAccelerationYaxis",-0.0169002543196721
"306","13","STANDING","meanAccelerationYaxis",-0.0167891993964912
"307","18","STANDING","meanAccelerationYaxis",-0.0166353518150685
"308","20","STANDING","meanAccelerationYaxis",-0.0180695049161644
"309","24","STANDING","meanAccelerationYaxis",-0.0144785340348986
"310","1","STANDING","meanAccelerationYaxis",-0.0161375901037736
"311","3","STANDING","meanAccelerationYaxis",-0.0143376555065574
"312","5","STANDING","meanAccelerationYaxis",-0.00700418554517857
"313","6","STANDING","meanAccelerationYaxis",-0.0181236327175439
"314","7","STANDING","meanAccelerationYaxis",-0.0145740341037736
"315","8","STANDING","meanAccelerationYaxis",-0.0148113067148148
"316","11","STANDING","meanAccelerationYaxis",-0.0171990886595745
"317","14","STANDING","meanAccelerationYaxis",-0.01520781344
"318","15","STANDING","meanAccelerationYaxis",-0.0183516360396226
"319","16","STANDING","meanAccelerationYaxis",-0.0165999672935897
"320","17","STANDING","meanAccelerationYaxis",-0.0174120064169231
"321","19","STANDING","meanAccelerationYaxis",-0.0154244056945205
"322","21","STANDING","meanAccelerationYaxis",-0.0167084730205618
"323","22","STANDING","meanAccelerationYaxis",-0.0158563207496825
"324","23","STANDING","meanAccelerationYaxis",-0.0177475547867647
"325","25","STANDING","meanAccelerationYaxis",-0.0163569730274324
"326","26","STANDING","meanAccelerationYaxis",-0.0166608306652703
"327","27","STANDING","meanAccelerationYaxis",-0.016593236445
"328","28","STANDING","meanAccelerationYaxis",-0.0172635124672152
"329","29","STANDING","meanAccelerationYaxis",-0.0172605869061538
"330","30","STANDING","meanAccelerationYaxis",-0.0170163887813559
"331","2","LAYING","meanAccelerationYaxis",-0.0181587397583333
"332","4","LAYING","meanAccelerationYaxis",-0.0150031841055556
"333","9","LAYING","meanAccelerationYaxis",-0.020526821662
"334","10","LAYING","meanAccelerationYaxis",-0.024294484137931
"335","12","LAYING","meanAccelerationYaxis",-0.0175203917146667
"336","13","LAYING","meanAccelerationYaxis",-0.020440454366129
"337","18","LAYING","meanAccelerationYaxis",-0.0173937684615385
"338","20","LAYING","meanAccelerationYaxis",-0.0144406281132353
"339","24","LAYING","meanAccelerationYaxis",-0.0173555210111111
"340","1","LAYING","meanAccelerationYaxis",-0.0405139534294
"341","3","LAYING","meanAccelerationYaxis",-0.0189556785048387
"342","5","LAYING","meanAccelerationYaxis",-0.0183042123269231
"343","6","LAYING","meanAccelerationYaxis",-0.0102529170561404
"344","7","LAYING","meanAccelerationYaxis",-0.0204411516884615
"345","8","LAYING","meanAccelerationYaxis",-0.0212281733881481
"346","11","LAYING","meanAccelerationYaxis",-0.0176598052315789
"347","14","LAYING","meanAccelerationYaxis",-0.0113424652490196
"348","15","LAYING","meanAccelerationYaxis",-0.0166296542054167
"349","16","LAYING","meanAccelerationYaxis",-0.0166103510562857
"350","17","LAYING","meanAccelerationYaxis",-0.0168462006729577
"351","19","LAYING","meanAccelerationYaxis",-0.0171426864421687
"352","21","LAYING","meanAccelerationYaxis",-0.0184233048415556
"353","22","LAYING","meanAccelerationYaxis",-0.0142629864502778
"354","23","LAYING","meanAccelerationYaxis",-0.0216553835833333
"355","25","LAYING","meanAccelerationYaxis",-0.0188943663671233
"356","26","LAYING","meanAccelerationYaxis",-0.0191895728026316
"357","27","LAYING","meanAccelerationYaxis",-0.0179867611216216
"358","28","LAYING","meanAccelerationYaxis",-0.0167537858225
"359","29","LAYING","meanAccelerationYaxis",-0.0171965484202899
"360","30","LAYING","meanAccelerationYaxis",-0.0194494098614286
"361","2","WALKING","meanAccelerationZaxis",-0.105500357966102
"362","4","WALKING","meanAccelerationZaxis",-0.11140306485
"363","9","WALKING","meanAccelerationZaxis",-0.110820512307692
"364","10","WALKING","meanAccelerationZaxis",-0.109057512132075
"365","12","WALKING","meanAccelerationZaxis",-0.10316110632
"366","13","WALKING","meanAccelerationZaxis",-0.111431456192982
"367","18","WALKING","meanAccelerationZaxis",-0.104218315464286
"368","20","WALKING","meanAccelerationZaxis",-0.113539477098039
"369","24","WALKING","meanAccelerationZaxis",-0.110595952913793
"370","1","WALKING","meanAccelerationZaxis",-0.111148103547368
"371","3","WALKING","meanAccelerationZaxis",-0.112674859827586
"372","5","WALKING","meanAccelerationZaxis",-0.107741776464286
"373","6","WALKING","meanAccelerationZaxis",-0.110303165877193
"374","7","WALKING","meanAccelerationZaxis",-0.110912234947368
"375","8","WALKING","meanAccelerationZaxis",-0.107252090833333
"376","11","WALKING","meanAccelerationZaxis",-0.106096304033898
"377","14","WALKING","meanAccelerationZaxis",-0.106756369135593
"378","15","WALKING","meanAccelerationZaxis",-0.107621819518519
"379","16","WALKING","meanAccelerationZaxis",-0.108804049803922
"380","17","WALKING","meanAccelerationZaxis",-0.109792122032787
"381","19","WALKING","meanAccelerationZaxis",-0.122736673192308
"382","21","WALKING","meanAccelerationZaxis",-0.104319332403846
"383","22","WALKING","meanAccelerationZaxis",-0.107112510934783
"384","23","WALKING","meanAccelerationZaxis",-0.113382994084746
"385","25","WALKING","meanAccelerationZaxis",-0.108737636297297
"386","26","WALKING","meanAccelerationZaxis",-0.108927011474576
"387","27","WALKING","meanAccelerationZaxis",-0.112822289263158
"388","28","WALKING","meanAccelerationZaxis",-0.103714705396296
"389","29","WALKING","meanAccelerationZaxis",-0.106632427301887
"390","30","WALKING","meanAccelerationZaxis",-0.0986247068969231
"391","2","WALKING_UPSTAIRS","meanAccelerationZaxis",-0.152513899520833
"392","4","WALKING_UPSTAIRS","meanAccelerationZaxis",-0.114219455519231
"393","9","WALKING_UPSTAIRS","meanAccelerationZaxis",-0.125219003959184
"394","10","WALKING_UPSTAIRS","meanAccelerationZaxis",-0.118180420834043
"395","12","WALKING_UPSTAIRS","meanAccelerationZaxis",-0.107339730115385
"396","13","WALKING_UPSTAIRS","meanAccelerationZaxis",-0.125767265890909
"397","18","WALKING_UPSTAIRS","meanAccelerationZaxis",-0.112655891327586
"398","20","WALKING_UPSTAIRS","meanAccelerationZaxis",-0.121023947784314
"399","24","WALKING_UPSTAIRS","meanAccelerationZaxis",-0.114248610966102
"400","1","WALKING_UPSTAIRS","meanAccelerationZaxis",-0.0973020020943396
"401","3","WALKING_UPSTAIRS","meanAccelerationZaxis",-0.110064863437288
"402","5","WALKING_UPSTAIRS","meanAccelerationZaxis",-0.107471453914894
"403","6","WALKING_UPSTAIRS","meanAccelerationZaxis",-0.122082438784314
"404","7","WALKING_UPSTAIRS","meanAccelerationZaxis",-0.143769688803922
"405","8","WALKING_UPSTAIRS","meanAccelerationZaxis",-0.11512211995122
"406","11","WALKING_UPSTAIRS","meanAccelerationZaxis",-0.106797216481481
"407","14","WALKING_UPSTAIRS","meanAccelerationZaxis",-0.112279688983333
"408","15","WALKING_UPSTAIRS","meanAccelerationZaxis",-0.116952464895833
"409","16","WALKING_UPSTAIRS","meanAccelerationZaxis",-0.124074517745098
"410","17","WALKING_UPSTAIRS","meanAccelerationZaxis",-0.121290442104167
"411","19","WALKING_UPSTAIRS","meanAccelerationZaxis",-0.151054607725
"412","21","WALKING_UPSTAIRS","meanAccelerationZaxis",-0.125414265340426
"413","22","WALKING_UPSTAIRS","meanAccelerationZaxis",-0.117550861738095
"414","23","WALKING_UPSTAIRS","meanAccelerationZaxis",-0.126890616782353
"415","25","WALKING_UPSTAIRS","meanAccelerationZaxis",-0.126210440292308
"416","26","WALKING_UPSTAIRS","meanAccelerationZaxis",-0.121943461236364
"417","27","WALKING_UPSTAIRS","meanAccelerationZaxis",-0.123530438196078
"418","28","WALKING_UPSTAIRS","meanAccelerationZaxis",-0.121514025692157
"419","29","WALKING_UPSTAIRS","meanAccelerationZaxis",-0.118000587840816
"420","30","WALKING_UPSTAIRS","meanAccelerationZaxis",-0.124697493775385
"421","2","WALKING_DOWNSTAIRS","meanAccelerationZaxis",-0.116812942382979
"422","4","WALKING_DOWNSTAIRS","meanAccelerationZaxis",-0.1067775246
"423","9","WALKING_DOWNSTAIRS","meanAccelerationZaxis",-0.0910278793952381
"424","10","WALKING_DOWNSTAIRS","meanAccelerationZaxis",-0.110848597247368
"425","12","WALKING_DOWNSTAIRS","meanAccelerationZaxis",-0.10955593226087
"426","13","WALKING_DOWNSTAIRS","meanAccelerationZaxis",-0.101993941531915
"427","18","WALKING_DOWNSTAIRS","meanAccelerationZaxis",-0.1033908092
"428","20","WALKING_DOWNSTAIRS","meanAccelerationZaxis",-0.104602925937778
"429","24","WALKING_DOWNSTAIRS","meanAccelerationZaxis",-0.104818820272727
"430","1","WALKING_DOWNSTAIRS","meanAccelerationZaxis",-0.107566190908163
"431","3","WALKING_DOWNSTAIRS","meanAccelerationZaxis",-0.116139842908163
"432","5","WALKING_DOWNSTAIRS","meanAccelerationZaxis",-0.100319930659574
"433","6","WALKING_DOWNSTAIRS","meanAccelerationZaxis",-0.107209356208333
"434","7","WALKING_DOWNSTAIRS","meanAccelerationZaxis",-0.096938308587234
"435","8","WALKING_DOWNSTAIRS","meanAccelerationZaxis",-0.107598135394737
"436","11","WALKING_DOWNSTAIRS","meanAccelerationZaxis",-0.111070149978261
"437","14","WALKING_DOWNSTAIRS","meanAccelerationZaxis",-0.0928330165533333
"438","15","WALKING_DOWNSTAIRS","meanAccelerationZaxis",-0.110526066428571
"439","16","WALKING_DOWNSTAIRS","meanAccelerationZaxis",-0.119873705148936
"440","17","WALKING_DOWNSTAIRS","meanAccelerationZaxis",-0.0892432745173913
"441","19","WALKING_DOWNSTAIRS","meanAccelerationZaxis",-0.133695240660974
"442","21","WALKING_DOWNSTAIRS","meanAccelerationZaxis",-0.09816866218
"443","22","WALKING_DOWNSTAIRS","meanAccelerationZaxis",-0.1074157796
"444","23","WALKING_DOWNSTAIRS","meanAccelerationZaxis",-0.0988123712574074
"445","25","WALKING_DOWNSTAIRS","meanAccelerationZaxis",-0.107192376965517
"446","26","WALKING_DOWNSTAIRS","meanAccelerationZaxis",-0.1064396194
"447","27","WALKING_DOWNSTAIRS","meanAccelerationZaxis",-0.112837694688636
"448","28","WALKING_DOWNSTAIRS","meanAccelerationZaxis",-0.10858897408913
"449","29","WALKING_DOWNSTAIRS","meanAccelerationZaxis",-0.0981339984895833
"450","30","WALKING_DOWNSTAIRS","meanAccelerationZaxis",-0.0999781422322581
"451","2","SITTING","meanAccelerationZaxis",-0.109218272456522
"452","4","SITTING","meanAccelerationZaxis",-0.10587459588
"453","9","SITTING","meanAccelerationZaxis",-0.07537846886
"454","10","SITTING","meanAccelerationZaxis",-0.104253238796296
"455","12","SITTING","meanAccelerationZaxis",-0.106307228960784
"456","13","SITTING","meanAccelerationZaxis",-0.0972465110836735
"457","18","SITTING","meanAccelerationZaxis",-0.111904775824561
"458","20","SITTING","meanAccelerationZaxis",-0.108369634515152
"459","24","SITTING","meanAccelerationZaxis",-0.103041061426471
"460","1","SITTING","meanAccelerationZaxis",-0.104544182255319
"461","3","SITTING","meanAccelerationZaxis",-0.0983579203269231
"462","5","SITTING","meanAccelerationZaxis",-0.108540300265909
"463","6","SITTING","meanAccelerationZaxis",-0.110127728709091
"464","7","SITTING","meanAccelerationZaxis",-0.122464597625
"465","8","SITTING","meanAccelerationZaxis",-0.104461049130435
"466","11","SITTING","meanAccelerationZaxis",-0.112840218339623
"467","14","SITTING","meanAccelerationZaxis",-0.100401490425926
"468","15","SITTING","meanAccelerationZaxis",-0.11366125320339
"469","16","SITTING","meanAccelerationZaxis",-0.0891404038405797
"470","17","SITTING","meanAccelerationZaxis",-0.11362408509375
"471","19","SITTING","meanAccelerationZaxis",-0.10870765430137
"472","21","SITTING","meanAccelerationZaxis",-0.112057887741176
"473","22","SITTING","meanAccelerationZaxis",-0.105827369516129
"474","23","SITTING","meanAccelerationZaxis",-0.103808679294118
"475","25","SITTING","meanAccelerationZaxis",-0.109160440476923
"476","26","SITTING","meanAccelerationZaxis",-0.0974448692333333
"477","27","SITTING","meanAccelerationZaxis",-0.105521912588571
"478","28","SITTING","meanAccelerationZaxis",-0.111517939555556
"479","29","SITTING","meanAccelerationZaxis",-0.1104118192
"480","30","SITTING","meanAccelerationZaxis",-0.099515446133871
"481","2","STANDING","meanAccelerationZaxis",-0.105908536055556
"482","4","STANDING","meanAccelerationZaxis",-0.0961574905535714
"483","9","STANDING","meanAccelerationZaxis",-0.0952747481333333
"484","10","STANDING","meanAccelerationZaxis",-0.107964083931818
"485","12","STANDING","meanAccelerationZaxis",-0.105526999754098
"486","13","STANDING","meanAccelerationZaxis",-0.112124137754386
"487","18","STANDING","meanAccelerationZaxis",-0.108453355945205
"488","20","STANDING","meanAccelerationZaxis",-0.100402759931507
"489","24","STANDING","meanAccelerationZaxis",-0.108222553855072
"490","1","STANDING","meanAccelerationZaxis",-0.110601817735849
"491","3","STANDING","meanAccelerationZaxis",-0.101621722633148
"492","5","STANDING","meanAccelerationZaxis",-0.102171095696429
"493","6","STANDING","meanAccelerationZaxis",-0.112172831947368
"494","7","STANDING","meanAccelerationZaxis",-0.0997778303207547
"495","8","STANDING","meanAccelerationZaxis",-0.106114996837037
"496","11","STANDING","meanAccelerationZaxis",-0.108686630425532
"497","14","STANDING","meanAccelerationZaxis",-0.103817701790667
"498","15","STANDING","meanAccelerationZaxis",-0.105910832679245
"499","16","STANDING","meanAccelerationZaxis",-0.103657729076923
"500","17","STANDING","meanAccelerationZaxis",-0.111432145565
"501","19","STANDING","meanAccelerationZaxis",-0.10904190460274
"502","21","STANDING","meanAccelerationZaxis",-0.110417855808989
"503","22","STANDING","meanAccelerationZaxis",-0.104967423820635
"504","23","STANDING","meanAccelerationZaxis",-0.1105970177575
"505","25","STANDING","meanAccelerationZaxis",-0.107352957594595
"506","26","STANDING","meanAccelerationZaxis",-0.110237796416216
"507","27","STANDING","meanAccelerationZaxis",-0.107835818025
"508","28","STANDING","meanAccelerationZaxis",-0.106579385202532
"509","29","STANDING","meanAccelerationZaxis",-0.108659067476923
"510","30","STANDING","meanAccelerationZaxis",-0.108756209835593
"511","2","LAYING","meanAccelerationZaxis",-0.107245610416667
"512","4","LAYING","meanAccelerationZaxis",-0.110688150314815
"513","9","LAYING","meanAccelerationZaxis",-0.10754972144
"514","10","LAYING","meanAccelerationZaxis",-0.117168642362069
"515","12","LAYING","meanAccelerationZaxis",-0.108160125666667
"516","13","LAYING","meanAccelerationZaxis",-0.104331864532258
"517","18","LAYING","meanAccelerationZaxis",-0.107698927907692
"518","20","LAYING","meanAccelerationZaxis",-0.104274322538235
"519","24","LAYING","meanAccelerationZaxis",-0.107236237236111
"520","1","LAYING","meanAccelerationZaxis",-0.11320355358
"521","3","LAYING","meanAccelerationZaxis",-0.101300477506452
"522","5","LAYING","meanAccelerationZaxis",-0.107937603673077
"523","6","LAYING","meanAccelerationZaxis",-0.133119570368421
"524","7","LAYING","meanAccelerationZaxis",-0.101361036576923
"525","8","LAYING","meanAccelerationZaxis",-0.102245365611111
"526","11","LAYING","meanAccelerationZaxis",-0.108786578070175
"527","14","LAYING","meanAccelerationZaxis",-0.0868333315509804
"528","15","LAYING","meanAccelerationZaxis",-0.118530240291667
"529","16","LAYING","meanAccelerationZaxis",-0.107310493242857
"530","17","LAYING","meanAccelerationZaxis",-0.107006279704225
"531","19","LAYING","meanAccelerationZaxis",-0.10898146186747
"532","21","LAYING","meanAccelerationZaxis",-0.103253832233333
"533","22","LAYING","meanAccelerationZaxis",-0.110800924652778
"534","23","LAYING","meanAccelerationZaxis",-0.104256776291667
"535","25","LAYING","meanAccelerationZaxis",-0.100428830260274
"536","26","LAYING","meanAccelerationZaxis",-0.105002540289474
"537","27","LAYING","meanAccelerationZaxis",-0.107699732837838
"538","28","LAYING","meanAccelerationZaxis",-0.1083448529625
"539","29","LAYING","meanAccelerationZaxis",-0.109462068173913
"540","30","LAYING","meanAccelerationZaxis",-0.1036581505
"541","2","WALKING","stdAccelerationXaxis",-0.423642838474576
"542","4","WALKING","stdAccelerationXaxis",-0.440829971333333
"543","9","WALKING","stdAccelerationXaxis",-0.238353562692308
"544","10","WALKING","stdAccelerationXaxis",-0.178709734396226
"545","12","WALKING","stdAccelerationXaxis",-0.128898533096
"546","13","WALKING","stdAccelerationXaxis",-0.346980394210526
"547","18","WALKING","stdAccelerationXaxis",-0.37600552125
"548","20","WALKING","stdAccelerationXaxis",-0.208342792019608
"549","24","WALKING","stdAccelerationXaxis",-0.47076236637931
"550","1","WALKING","stdAccelerationXaxis",-0.283740258842105
"551","3","WALKING","stdAccelerationXaxis",-0.360356726034483
"552","5","WALKING","stdAccelerationXaxis",-0.294098534232143
"553","6","WALKING","stdAccelerationXaxis",-0.296538717368421
"554","7","WALKING","stdAccelerationXaxis",-0.327243240701754
"555","8","WALKING","stdAccelerationXaxis",-0.173605736002083
"556","11","WALKING","stdAccelerationXaxis",-0.422842071864407
"557","14","WALKING","stdAccelerationXaxis",-0.402639098135593
"558","15","WALKING","stdAccelerationXaxis",-0.327961801111111
"559","16","WALKING","stdAccelerationXaxis",-0.404692523921569
"560","17","WALKING","stdAccelerationXaxis",-0.31950017295082
"561","19","WALKING","stdAccelerationXaxis",-0.0489049407963462
"562","21","WALKING","stdAccelerationXaxis",-0.297814843538462
"563","22","WALKING","stdAccelerationXaxis",-0.00865921919565217
"564","23","WALKING","stdAccelerationXaxis",-0.313521773389831
"565","25","WALKING","stdAccelerationXaxis",-0.596007443513514
"566","26","WALKING","stdAccelerationXaxis",-0.340185527559322
"567","27","WALKING","stdAccelerationXaxis",-0.348475560526316
"568","28","WALKING","stdAccelerationXaxis",-0.293003522222222
"569","29","WALKING","stdAccelerationXaxis",-0.174337940226415
"570","30","WALKING","stdAccelerationXaxis",-0.346394275230769
"571","2","WALKING_UPSTAIRS","stdAccelerationXaxis",-0.304376406458333
"572","4","WALKING_UPSTAIRS","stdAccelerationXaxis",-0.204933042903846
"573","9","WALKING_UPSTAIRS","stdAccelerationXaxis",-0.36144437755102
"574","10","WALKING_UPSTAIRS","stdAccelerationXaxis",-0.161591924234043
"575","12","WALKING_UPSTAIRS","stdAccelerationXaxis",-0.290149192307692
"576","13","WALKING_UPSTAIRS","stdAccelerationXaxis",-0.296284597454545
"577","18","WALKING_UPSTAIRS","stdAccelerationXaxis",-0.380168286724138
"578","20","WALKING_UPSTAIRS","stdAccelerationXaxis",-0.116088676011765
"579","24","WALKING_UPSTAIRS","stdAccelerationXaxis",-0.344399351355932
"580","1","WALKING_UPSTAIRS","stdAccelerationXaxis",-0.35470802509434
"581","3","WALKING_UPSTAIRS","stdAccelerationXaxis",-0.313123437627119
"582","5","WALKING_UPSTAIRS","stdAccelerationXaxis",-0.0457237779851064
"583","6","WALKING_UPSTAIRS","stdAccelerationXaxis",-0.0501350188513725
"584","7","WALKING_UPSTAIRS","stdAccelerationXaxis",-0.29487297445098
"585","8","WALKING_UPSTAIRS","stdAccelerationXaxis",-0.171712174634146
"586","11","WALKING_UPSTAIRS","stdAccelerationXaxis",-0.238802959018519
"587","14","WALKING_UPSTAIRS","stdAccelerationXaxis",-0.309396717592593
"588","15","WALKING_UPSTAIRS","stdAccelerationXaxis",-0.0260971840270833
"589","16","WALKING_UPSTAIRS","stdAccelerationXaxis",-0.397083831568627
"590","17","WALKING_UPSTAIRS","stdAccelerationXaxis",-0.062952754100625
"591","19","WALKING_UPSTAIRS","stdAccelerationXaxis",-0.1287420952375
"592","21","WALKING_UPSTAIRS","stdAccelerationXaxis",-0.240808282276596
"593","22","WALKING_UPSTAIRS","stdAccelerationXaxis",0.0835738640921429
"594","23","WALKING_UPSTAIRS","stdAccelerationXaxis",-0.243887818513725
"595","25","WALKING_UPSTAIRS","stdAccelerationXaxis",-0.459775646153846
"596","26","WALKING_UPSTAIRS","stdAccelerationXaxis",-0.169006952418182
"597","27","WALKING_UPSTAIRS","stdAccelerationXaxis",-0.295439547254902
"598","28","WALKING_UPSTAIRS","stdAccelerationXaxis",-0.242062430294118
"599","29","WALKING_UPSTAIRS","stdAccelerationXaxis",-0.0867715569693878
"600","30","WALKING_UPSTAIRS","stdAccelerationXaxis",-0.350504475230769
"601","2","WALKING_DOWNSTAIRS","stdAccelerationXaxis",0.0463666814446808
"602","4","WALKING_DOWNSTAIRS","stdAccelerationXaxis",0.0111935496222222
"603","9","WALKING_DOWNSTAIRS","stdAccelerationXaxis",0.213392270547619
"604","10","WALKING_DOWNSTAIRS","stdAccelerationXaxis",0.295733547631579
"605","12","WALKING_DOWNSTAIRS","stdAccelerationXaxis",0.0424084916086956
"606","13","WALKING_DOWNSTAIRS","stdAccelerationXaxis",-0.0681563626617021
"607","18","WALKING_DOWNSTAIRS","stdAccelerationXaxis",-0.302634565090909
"608","20","WALKING_DOWNSTAIRS","stdAccelerationXaxis",0.0745098785288889
"609","24","WALKING_DOWNSTAIRS","stdAccelerationXaxis",-0.08273248054
"610","1","WALKING_DOWNSTAIRS","stdAccelerationXaxis",0.0300353383483878
"611","3","WALKING_DOWNSTAIRS","stdAccelerationXaxis",-0.0574100475102041
"612","5","WALKING_DOWNSTAIRS","stdAccelerationXaxis",0.275046110468085
"613","6","WALKING_DOWNSTAIRS","stdAccelerationXaxis",0.383681639791667
"614","7","WALKING_DOWNSTAIRS","stdAccelerationXaxis",0.0660815600978723
"615","8","WALKING_DOWNSTAIRS","stdAccelerationXaxis",0.0241393473736842
"616","11","WALKING_DOWNSTAIRS","stdAccelerationXaxis",0.142456557034783
"617","14","WALKING_DOWNSTAIRS","stdAccelerationXaxis",0.0178313402266667
"618","15","WALKING_DOWNSTAIRS","stdAccelerationXaxis",0.406471051190476
"619","16","WALKING_DOWNSTAIRS","stdAccelerationXaxis",0.207251997929787
"620","17","WALKING_DOWNSTAIRS","stdAccelerationXaxis",0.187719760269565
"621","19","WALKING_DOWNSTAIRS","stdAccelerationXaxis",0.626917070512821
"622","21","WALKING_DOWNSTAIRS","stdAccelerationXaxis",0.224343492244444
"623","22","WALKING_DOWNSTAIRS","stdAccelerationXaxis",0.348618168333333
"624","23","WALKING_DOWNSTAIRS","stdAccelerationXaxis",0.0441392843425926
"625","25","WALKING_DOWNSTAIRS","stdAccelerationXaxis",-0.253756934258621
"626","26","WALKING_DOWNSTAIRS","stdAccelerationXaxis",0.17395384962
"627","27","WALKING_DOWNSTAIRS","stdAccelerationXaxis",0.167407531090909
"628","28","WALKING_DOWNSTAIRS","stdAccelerationXaxis",0.125712887943478
"629","29","WALKING_DOWNSTAIRS","stdAccelerationXaxis",0.167383602458333
"630","30","WALKING_DOWNSTAIRS","stdAccelerationXaxis",-0.0577703163548387
"631","2","SITTING","stdAccelerationXaxis",-0.986822279565217
"632","4","SITTING","stdAccelerationXaxis",-0.980309931
"633","9","SITTING","stdAccelerationXaxis",-0.9572277914
"634","10","SITTING","stdAccelerationXaxis",-0.982901825925926
"635","12","SITTING","stdAccelerationXaxis",-0.982568781960784
"636","13","SITTING","stdAccelerationXaxis",-0.989546275306122
"637","18","SITTING","stdAccelerationXaxis",-0.994347988596491
"638","20","SITTING","stdAccelerationXaxis",-0.983081858939394
"639","24","SITTING","stdAccelerationXaxis",-0.990593766617647
"640","1","SITTING","stdAccelerationXaxis",-0.977229008297872
"641","3","SITTING","stdAccelerationXaxis",-0.971010120961538
"642","5","SITTING","stdAccelerationXaxis",-0.980945022045455
"643","6","SITTING","stdAccelerationXaxis",-0.980164933636364
"644","7","SITTING","stdAccelerationXaxis",-0.972668374583333
"645","8","SITTING","stdAccelerationXaxis",-0.979026152391304
"646","11","SITTING","stdAccelerationXaxis",-0.982796562075472
"647","14","SITTING","stdAccelerationXaxis",-0.976302248148148
"648","15","SITTING","stdAccelerationXaxis",-0.987084356101695
"649","16","SITTING","stdAccelerationXaxis",-0.986825605362319
"650","17","SITTING","stdAccelerationXaxis",-0.9944439053125
"651","19","SITTING","stdAccelerationXaxis",-0.976357663013699
"652","21","SITTING","stdAccelerationXaxis",-0.991777287176471
"653","22","SITTING","stdAccelerationXaxis",-0.978466823709677
"654","23","SITTING","stdAccelerationXaxis",-0.987607636617647
"655","25","SITTING","stdAccelerationXaxis",-0.991892828615385
"656","26","SITTING","stdAccelerationXaxis",-0.979768987948718
"657","27","SITTING","stdAccelerationXaxis",-0.988580107714286
"658","28","SITTING","stdAccelerationXaxis",-0.983272806805556
"659","29","SITTING","stdAccelerationXaxis",-0.9907450195
"660","30","SITTING","stdAccelerationXaxis",-0.983622744193548
"661","2","STANDING","stdAccelerationXaxis",-0.987271889259259
"662","4","STANDING","stdAccelerationXaxis",-0.97692058
"663","9","STANDING","stdAccelerationXaxis",-0.975741252444444
"664","10","STANDING","stdAccelerationXaxis",-0.978403481818182
"665","12","STANDING","stdAccelerationXaxis",-0.981243992459016
"666","13","STANDING","stdAccelerationXaxis",-0.991020759298246
"667","18","STANDING","stdAccelerationXaxis",-0.992019762739726
"668","20","STANDING","stdAccelerationXaxis",-0.967209961232877
"669","24","STANDING","stdAccelerationXaxis",-0.98725587115942
"670","1","STANDING","stdAccelerationXaxis",-0.995759901509434
"671","3","STANDING","stdAccelerationXaxis",-0.96674254295082
"672","5","STANDING","stdAccelerationXaxis",-0.968591815714286
"673","6","STANDING","stdAccelerationXaxis",-0.981758159649123
"674","7","STANDING","stdAccelerationXaxis",-0.979307570377358
"675","8","STANDING","stdAccelerationXaxis",-0.988815418148148
"676","11","STANDING","stdAccelerationXaxis",-0.994978878723404
"677","14","STANDING","stdAccelerationXaxis",-0.973268905
"678","15","STANDING","stdAccelerationXaxis",-0.988949247358491
"679","16","STANDING","stdAccelerationXaxis",-0.989076811794872
"680","17","STANDING","stdAccelerationXaxis",-0.991163919871795
"681","19","STANDING","stdAccelerationXaxis",-0.989910996849315
"682","21","STANDING","stdAccelerationXaxis",-0.981419961123596
"683","22","STANDING","stdAccelerationXaxis",-0.985000527142857
"684","23","STANDING","stdAccelerationXaxis",-0.985421519558824
"685","25","STANDING","stdAccelerationXaxis",-0.991970126756757
"686","26","STANDING","stdAccelerationXaxis",-0.993069368783784
"687","27","STANDING","stdAccelerationXaxis",-0.9919515835
"688","28","STANDING","stdAccelerationXaxis",-0.977748638607595
"689","29","STANDING","stdAccelerationXaxis",-0.996068635384615
"690","30","STANDING","stdAccelerationXaxis",-0.977559426949153
"691","2","LAYING","stdAccelerationXaxis",-0.974059464791667
"692","4","LAYING","stdAccelerationXaxis",-0.954193738888889
"693","9","LAYING","stdAccelerationXaxis",-0.94233309
"694","10","LAYING","stdAccelerationXaxis",-0.968283685
"695","12","LAYING","stdAccelerationXaxis",-0.95531868
"696","13","LAYING","stdAccelerationXaxis",-0.968891989354839
"697","18","LAYING","stdAccelerationXaxis",-0.984527649230769
"698","20","LAYING","stdAccelerationXaxis",-0.962249114705882
"699","24","LAYING","stdAccelerationXaxis",-0.967984021111111
"700","1","LAYING","stdAccelerationXaxis",-0.9280564692
"701","3","LAYING","stdAccelerationXaxis",-0.982776639193548
"702","5","LAYING","stdAccelerationXaxis",-0.965934509615385
"703","6","LAYING","stdAccelerationXaxis",-0.934049422052632
"704","7","LAYING","stdAccelerationXaxis",-0.93651361
"705","8","LAYING","stdAccelerationXaxis",-0.94304121537037
"706","11","LAYING","stdAccelerationXaxis",-0.98477733
"707","14","LAYING","stdAccelerationXaxis",-0.917501887333333
"708","15","LAYING","stdAccelerationXaxis",-0.972255551527778
"709","16","LAYING","stdAccelerationXaxis",-0.973691429428571
"710","17","LAYING","stdAccelerationXaxis",-0.972960567323944
"711","19","LAYING","stdAccelerationXaxis",-0.965019579518072
"712","21","LAYING","stdAccelerationXaxis",-0.955019866222222
"713","22","LAYING","stdAccelerationXaxis",-0.947735251944444
"714","23","LAYING","stdAccelerationXaxis",-0.956756363194444
"715","25","LAYING","stdAccelerationXaxis",-0.909116474109589
"716","26","LAYING","stdAccelerationXaxis",-0.969445445263158
"717","27","LAYING","stdAccelerationXaxis",-0.978455153108108
"718","28","LAYING","stdAccelerationXaxis",-0.9688882955
"719","29","LAYING","stdAccelerationXaxis",-0.984219555507246
"720","30","LAYING","stdAccelerationXaxis",-0.976362515428571
"721","2","WALKING","stdAccelerationYaxis",-0.0780912533118644
"722","4","WALKING","stdAccelerationYaxis",-0.0788267367683333
"723","9","WALKING","stdAccelerationYaxis",-0.201696960826923
"724","10","WALKING","stdAccelerationYaxis",-0.0227431651698113
"725","12","WALKING","stdAccelerationYaxis",-0.122783290008
"726","13","WALKING","stdAccelerationYaxis",0.141866689392982
"727","18","WALKING","stdAccelerationYaxis",-0.227005874892857
"728","20","WALKING","stdAccelerationYaxis",0.489771808627451
"729","24","WALKING","stdAccelerationYaxis",-0.154127498163793
"730","1","WALKING","stdAccelerationYaxis",0.114461336747368
"731","3","WALKING","stdAccelerationYaxis",-0.0699140652103448
"732","5","WALKING","stdAccelerationYaxis",0.0767484028053571
"733","6","WALKING","stdAccelerationYaxis",0.164213884996491
"734","7","WALKING","stdAccelerationYaxis",-0.0772618561052631
"735","8","WALKING","stdAccelerationYaxis",0.380782052708333
"736","11","WALKING","stdAccelerationYaxis",-0.0522120750440678
"737","14","WALKING","stdAccelerationYaxis",-0.0536126686650847
"738","15","WALKING","stdAccelerationYaxis",0.138912923691296
"739","16","WALKING","stdAccelerationYaxis",-0.314569762352941
"740","17","WALKING","stdAccelerationYaxis",-0.0175797885542623
"741","19","WALKING","stdAccelerationYaxis",0.181801561185577
"742","21","WALKING","stdAccelerationYaxis",0.0540880509209615
"743","22","WALKING","stdAccelerationYaxis",0.100384246321739
"744","23","WALKING","stdAccelerationYaxis",-0.119020586510678
"745","25","WALKING","stdAccelerationYaxis",-0.161852411581081
"746","26","WALKING","stdAccelerationYaxis",-0.136351391645763
"747","27","WALKING","stdAccelerationYaxis",-0.187301214964912
"748","28","WALKING","stdAccelerationYaxis",-0.117886186425926
"749","29","WALKING","stdAccelerationYaxis",-0.0917540612869811
"750","30","WALKING","stdAccelerationYaxis",-0.173550021692308
"751","2","WALKING_UPSTAIRS","stdAccelerationYaxis",0.108027279889583
"752","4","WALKING_UPSTAIRS","stdAccelerationYaxis",-0.0666899105180769
"753","9","WALKING_UPSTAIRS","stdAccelerationYaxis",-0.302206203816327
"754","10","WALKING_UPSTAIRS","stdAccelerationYaxis",-0.00555287692765957
"755","12","WALKING_UPSTAIRS","stdAccelerationYaxis",-0.103818259823077
"756","13","WALKING_UPSTAIRS","stdAccelerationYaxis",0.104470773801818
"757","18","WALKING_UPSTAIRS","stdAccelerationYaxis",-0.211155120224138
"758","20","WALKING_UPSTAIRS","stdAccelerationYaxis",0.15219632835098
"759","24","WALKING_UPSTAIRS","stdAccelerationYaxis",-0.116804488966102
"760","1","WALKING_UPSTAIRS","stdAccelerationYaxis",-0.00232026501698113
"761","3","WALKING_UPSTAIRS","stdAccelerationYaxis",0.0116280813372881
"762","5","WALKING_UPSTAIRS","stdAccelerationYaxis",0.185022459476596
"763","6","WALKING_UPSTAIRS","stdAccelerationYaxis",0.189276117327451
"764","7","WALKING_UPSTAIRS","stdAccelerationYaxis",-0.32616002254902
"765","8","WALKING_UPSTAIRS","stdAccelerationYaxis",0.348768733170732
"766","11","WALKING_UPSTAIRS","stdAccelerationYaxis",-0.103167501868519
"767","14","WALKING_UPSTAIRS","stdAccelerationYaxis",0.307195533
"768","15","WALKING_UPSTAIRS","stdAccelerationYaxis",-0.00406536043541667
"769","16","WALKING_UPSTAIRS","stdAccelerationYaxis",-0.163732745078431
"770","17","WALKING_UPSTAIRS","stdAccelerationYaxis",-0.0131721014395833
"771","19","WALKING_UPSTAIRS","stdAccelerationYaxis",0.176349922525
"772","21","WALKING_UPSTAIRS","stdAccelerationYaxis",0.109787469104255
"773","22","WALKING_UPSTAIRS","stdAccelerationYaxis",0.250067523738095
"774","23","WALKING_UPSTAIRS","stdAccelerationYaxis",0.0448435785868627
"775","25","WALKING_UPSTAIRS","stdAccelerationYaxis",-0.223086808769231
"776","26","WALKING_UPSTAIRS","stdAccelerationYaxis",-0.0491726302763636
"777","27","WALKING_UPSTAIRS","stdAccelerationYaxis",-0.0950104077
"778","28","WALKING_UPSTAIRS","stdAccelerationYaxis",-0.146753877035294
"779","29","WALKING_UPSTAIRS","stdAccelerationYaxis",-0.122128287642857
"780","30","WALKING_UPSTAIRS","stdAccelerationYaxis",-0.127311157607692
"781","2","WALKING_DOWNSTAIRS","stdAccelerationYaxis",0.262881788951064
"782","4","WALKING_DOWNSTAIRS","stdAccelerationYaxis",-0.21859832499
"783","9","WALKING_DOWNSTAIRS","stdAccelerationYaxis",-0.208310705504762
"784","10","WALKING_DOWNSTAIRS","stdAccelerationYaxis",0.00407915363157895
"785","12","WALKING_DOWNSTAIRS","stdAccelerationYaxis",0.11083534373913
"786","13","WALKING_DOWNSTAIRS","stdAccelerationYaxis",-0.03212524665
"787","18","WALKING_DOWNSTAIRS","stdAccelerationYaxis",-0.254214045818182
"788","20","WALKING_DOWNSTAIRS","stdAccelerationYaxis",0.616937015333333
"789","24","WALKING_DOWNSTAIRS","stdAccelerationYaxis",-0.102607326783636
"790","1","WALKING_DOWNSTAIRS","stdAccelerationYaxis",-0.0319359434489796
"791","3","WALKING_DOWNSTAIRS","stdAccelerationYaxis",-0.0331503723387755
"792","5","WALKING_DOWNSTAIRS","stdAccelerationYaxis",0.0907630761042553
"793","6","WALKING_DOWNSTAIRS","stdAccelerationYaxis",0.360164958768542
"794","7","WALKING_DOWNSTAIRS","stdAccelerationYaxis",-0.138179072734043
"795","8","WALKING_DOWNSTAIRS","stdAccelerationYaxis",0.343826273105263
"796","11","WALKING_DOWNSTAIRS","stdAccelerationYaxis",0.0708122725543478
"797","14","WALKING_DOWNSTAIRS","stdAccelerationYaxis",0.378870491755556
"798","15","WALKING_DOWNSTAIRS","stdAccelerationYaxis",0.186532377428571
"799","16","WALKING_DOWNSTAIRS","stdAccelerationYaxis",-0.146993837655319
"800","17","WALKING_DOWNSTAIRS","stdAccelerationYaxis",-0.0607892037384783
"801","19","WALKING_DOWNSTAIRS","stdAccelerationYaxis",0.514816445641026
"802","21","WALKING_DOWNSTAIRS","stdAccelerationYaxis",0.301336399711111
"803","22","WALKING_DOWNSTAIRS","stdAccelerationYaxis",0.239812250944444
"804","23","WALKING_DOWNSTAIRS","stdAccelerationYaxis",0.10825903416963
"805","25","WALKING_DOWNSTAIRS","stdAccelerationYaxis",-0.14054060387069
"806","26","WALKING_DOWNSTAIRS","stdAccelerationYaxis",-0.011629910112
"807","27","WALKING_DOWNSTAIRS","stdAccelerationYaxis",-0.0979710029522727
"808","28","WALKING_DOWNSTAIRS","stdAccelerationYaxis",0.156496646504348
"809","29","WALKING_DOWNSTAIRS","stdAccelerationYaxis",-0.12246346700625
"810","30","WALKING_DOWNSTAIRS","stdAccelerationYaxis",-0.0272628077709677
"811","2","SITTING","stdAccelerationYaxis",-0.950704499130435
"812","4","SITTING","stdAccelerationYaxis",-0.89022398108
"813","9","SITTING","stdAccelerationYaxis",-0.875141405
"814","10","SITTING","stdAccelerationYaxis",-0.917979529962963
"815","12","SITTING","stdAccelerationYaxis",-0.92858124
"816","13","SITTING","stdAccelerationYaxis",-0.938967741632653
"817","18","SITTING","stdAccelerationYaxis",-0.974928131052632
"818","20","SITTING","stdAccelerationYaxis",-0.93612270469697
"819","24","SITTING","stdAccelerationYaxis",-0.956255962058824
"820","1","SITTING","stdAccelerationYaxis",-0.922618641914894
"821","3","SITTING","stdAccelerationYaxis",-0.856617812115385
"822","5","SITTING","stdAccelerationYaxis",-0.904335121022727
"823","6","SITTING","stdAccelerationYaxis",-0.923682131090909
"824","7","SITTING","stdAccelerationYaxis",-0.909454698541667
"825","8","SITTING","stdAccelerationYaxis",-0.927331997021739
"826","11","SITTING","stdAccelerationYaxis",-0.921402118113208
"827","14","SITTING","stdAccelerationYaxis",-0.914935703907407
"828","15","SITTING","stdAccelerationYaxis",-0.922407162881356
"829","16","SITTING","stdAccelerationYaxis",-0.951607872463768
"830","17","SITTING","stdAccelerationYaxis",-0.96185862984375
"831","19","SITTING","stdAccelerationYaxis",-0.950388943972603
"832","21","SITTING","stdAccelerationYaxis",-0.966877560941176
"833","22","SITTING","stdAccelerationYaxis",-0.928059133795645
"834","23","SITTING","stdAccelerationYaxis",-0.934933559264706
"835","25","SITTING","stdAccelerationYaxis",-0.947457617061538
"836","26","SITTING","stdAccelerationYaxis",-0.94079896551282
"837","27","SITTING","stdAccelerationYaxis",-0.971579125714286
"838","28","SITTING","stdAccelerationYaxis",-0.939905244861111
"839","29","SITTING","stdAccelerationYaxis",-0.963222497833333
"840","30","SITTING","stdAccelerationYaxis",-0.937857000806452
"841","2","STANDING","stdAccelerationYaxis",-0.957304989259259
"842","4","STANDING","stdAccelerationYaxis",-0.86159737875
"843","9","STANDING","stdAccelerationYaxis",-0.938635759333333
"844","10","STANDING","stdAccelerationYaxis",-0.919561843409091
"845","12","STANDING","stdAccelerationYaxis",-0.923140254098361
"846","13","STANDING","stdAccelerationYaxis",-0.949422439473684
"847","18","STANDING","stdAccelerationYaxis",-0.95422343630137
"848","20","STANDING","stdAccelerationYaxis",-0.87541041109589
"849","24","STANDING","stdAccelerationYaxis",-0.936871974347826
"850","1","STANDING","stdAccelerationYaxis",-0.973190056415094
"851","3","STANDING","stdAccelerationYaxis",-0.893449307213115
"852","5","STANDING","stdAccelerationYaxis",-0.869439913392857
"853","6","STANDING","stdAccelerationYaxis",-0.921493191754386
"854","7","STANDING","stdAccelerationYaxis",-0.923400921886792
"855","8","STANDING","stdAccelerationYaxis",-0.938479429074074
"856","11","STANDING","stdAccelerationYaxis",-0.964173331702128
"857","14","STANDING","stdAccelerationYaxis",-0.928525725333333
"858","15","STANDING","stdAccelerationYaxis",-0.931900148301887
"859","16","STANDING","stdAccelerationYaxis",-0.960298267692308
"860","17","STANDING","stdAccelerationYaxis",-0.968176663717949
"861","19","STANDING","stdAccelerationYaxis",-0.944430270684931
"862","21","STANDING","stdAccelerationYaxis",-0.943601625393258
"863","22","STANDING","stdAccelerationYaxis",-0.922693288412698
"864","23","STANDING","stdAccelerationYaxis",-0.9584444925
"865","25","STANDING","stdAccelerationYaxis",-0.954569225945946
"866","26","STANDING","stdAccelerationYaxis",-0.949466155405405
"867","27","STANDING","stdAccelerationYaxis",-0.955171419
"868","28","STANDING","stdAccelerationYaxis",-0.875689216835443
"869","29","STANDING","stdAccelerationYaxis",-0.969295721076923
"870","30","STANDING","stdAccelerationYaxis",-0.891654527118644
"871","2","LAYING","stdAccelerationYaxis",-0.98027739875
"872","4","LAYING","stdAccelerationYaxis",-0.941714042407407
"873","9","LAYING","stdAccelerationYaxis",-0.9162927764
"874","10","LAYING","stdAccelerationYaxis",-0.946454302068966
"875","12","LAYING","stdAccelerationYaxis",-0.949072009333333
"876","13","LAYING","stdAccelerationYaxis",-0.950947949516129
"877","18","LAYING","stdAccelerationYaxis",-0.986160920923077
"878","20","LAYING","stdAccelerationYaxis",-0.964098180294118
"879","24","LAYING","stdAccelerationYaxis",-0.983126461944444
"880","1","LAYING","stdAccelerationYaxis",-0.83682740562
"881","3","LAYING","stdAccelerationYaxis",-0.962057544516129
"882","5","LAYING","stdAccelerationYaxis",-0.969295613269231
"883","6","LAYING","stdAccelerationYaxis",-0.924644826385965
"884","7","LAYING","stdAccelerationYaxis",-0.926262668653846
"885","8","LAYING","stdAccelerationYaxis",-0.93489116
"886","11","LAYING","stdAccelerationYaxis",-0.972196873859649
"887","14","LAYING","stdAccelerationYaxis",-0.909697040980392
"888","15","LAYING","stdAccelerationYaxis",-0.962759422361111
"889","16","LAYING","stdAccelerationYaxis",-0.943061150285714
"890","17","LAYING","stdAccelerationYaxis",-0.944792875211268
"891","19","LAYING","stdAccelerationYaxis",-0.973449968554217
"892","21","LAYING","stdAccelerationYaxis",-0.956959422222222
"893","22","LAYING","stdAccelerationYaxis",-0.913276301666667
"894","23","LAYING","stdAccelerationYaxis",-0.976309827361111
"895","25","LAYING","stdAccelerationYaxis",-0.691770680561644
"896","26","LAYING","stdAccelerationYaxis",-0.983231351842105
"897","27","LAYING","stdAccelerationYaxis",-0.983736043783784
"898","28","LAYING","stdAccelerationYaxis",-0.945386780375
"899","29","LAYING","stdAccelerationYaxis",-0.990240946666667
"900","30","LAYING","stdAccelerationYaxis",-0.954201823857143
"901","2","WALKING","stdAccelerationZaxis",-0.425257524915254
"902","4","WALKING","stdAccelerationZaxis",-0.586252806833333
"903","9","WALKING","stdAccelerationZaxis",-0.0579636469030769
"904","10","WALKING","stdAccelerationZaxis",-0.395645072075472
"905","12","WALKING","stdAccelerationZaxis",-0.4106060626
"906","13","WALKING","stdAccelerationZaxis",-0.220503537026316
"907","18","WALKING","stdAccelerationZaxis",-0.428348061071429
"908","20","WALKING","stdAccelerationZaxis",-0.228734217372549
"909","24","WALKING","stdAccelerationZaxis",-0.288840016206897
"910","1","WALKING","stdAccelerationZaxis",-0.260027902210526
"911","3","WALKING","stdAccelerationZaxis",-0.387411994310345
"912","5","WALKING","stdAccelerationZaxis",-0.45702143625
"913","6","WALKING","stdAccelerationZaxis",-0.504324207192982
"914","7","WALKING","stdAccelerationZaxis",0.159631283261403
"915","8","WALKING","stdAccelerationZaxis",-0.1420885318125
"916","11","WALKING","stdAccelerationZaxis",-0.530626311355932
"917","14","WALKING","stdAccelerationZaxis",0.0518841040022034
"918","15","WALKING","stdAccelerationZaxis",-0.518932634814815
"919","16","WALKING","stdAccelerationZaxis",-0.159799790235294
"920","17","WALKING","stdAccelerationZaxis",-0.265824489180328
"921","19","WALKING","stdAccelerationZaxis",-0.13947794235
"922","21","WALKING","stdAccelerationZaxis",-0.16868872575
"923","22","WALKING","stdAccelerationZaxis",-0.213351968804348
"924","23","WALKING","stdAccelerationZaxis",0.164220685383051
"925","25","WALKING","stdAccelerationZaxis",-0.437133403243243
"926","26","WALKING","stdAccelerationZaxis",-0.333486502542373
"927","27","WALKING","stdAccelerationZaxis",-0.297318273508772
"928","28","WALKING","stdAccelerationZaxis",-0.300928395925926
"929","29","WALKING","stdAccelerationZaxis",-0.242828038264151
"930","30","WALKING","stdAccelerationZaxis",-0.120476783907692
"931","2","WALKING_UPSTAIRS","stdAccelerationZaxis",-0.112121021220833
"932","4","WALKING_UPSTAIRS","stdAccelerationZaxis",-0.372137777692308
"933","9","WALKING_UPSTAIRS","stdAccelerationZaxis",-0.253434083542857
"934","10","WALKING_UPSTAIRS","stdAccelerationZaxis",-0.0738744931340426
"935","12","WALKING_UPSTAIRS","stdAccelerationZaxis",-0.436697425576923
"936","13","WALKING_UPSTAIRS","stdAccelerationZaxis",-0.217210568085455
"937","18","WALKING_UPSTAIRS","stdAccelerationZaxis",-0.31437339137931
"938","20","WALKING_UPSTAIRS","stdAccelerationZaxis",-0.229249455098039
"939","24","WALKING_UPSTAIRS","stdAccelerationZaxis",-0.255601012881356
"940","1","WALKING_UPSTAIRS","stdAccelerationZaxis",-0.0194792388471698
"941","3","WALKING_UPSTAIRS","stdAccelerationZaxis",-0.369754604067797
"942","5","WALKING_UPSTAIRS","stdAccelerationZaxis",-0.308938978787234
"943","6","WALKING_UPSTAIRS","stdAccelerationZaxis",-0.353519514896078
"944","7","WALKING_UPSTAIRS","stdAccelerationZaxis",-0.145665025639216
"945","8","WALKING_UPSTAIRS","stdAccelerationZaxis",0.121187278790244
"946","11","WALKING_UPSTAIRS","stdAccelerationZaxis",-0.203369399185185
"947","14","WALKING_UPSTAIRS","stdAccelerationZaxis",0.609017879074074
"948","15","WALKING_UPSTAIRS","stdAccelerationZaxis",-0.379717488104167
"949","16","WALKING_UPSTAIRS","stdAccelerationZaxis",-0.129283825721569
"950","17","WALKING_UPSTAIRS","stdAccelerationZaxis",-0.230220954239583
"951","19","WALKING_UPSTAIRS","stdAccelerationZaxis",-0.1904685504575
"952","21","WALKING_UPSTAIRS","stdAccelerationZaxis",-0.219707928574468
"953","22","WALKING_UPSTAIRS","stdAccelerationZaxis",-0.109613216345238
"954","23","WALKING_UPSTAIRS","stdAccelerationZaxis",0.10080118935098
"955","25","WALKING_UPSTAIRS","stdAccelerationZaxis",-0.296523975076923
"956","26","WALKING_UPSTAIRS","stdAccelerationZaxis",-0.404596936545455
"957","27","WALKING_UPSTAIRS","stdAccelerationZaxis",-0.23070787672549
"958","28","WALKING_UPSTAIRS","stdAccelerationZaxis",-0.28598691372549
"959","29","WALKING_UPSTAIRS","stdAccelerationZaxis",0.0995443502346939
"960","30","WALKING_UPSTAIRS","stdAccelerationZaxis",0.0249468034966154
"961","2","WALKING_DOWNSTAIRS","stdAccelerationZaxis",-0.10283790806383
"962","4","WALKING_DOWNSTAIRS","stdAccelerationZaxis",-0.479185977111111
"963","9","WALKING_DOWNSTAIRS","stdAccelerationZaxis",-0.00771530035714285
"964","10","WALKING_DOWNSTAIRS","stdAccelerationZaxis",-0.183557562032895
"965","12","WALKING_DOWNSTAIRS","stdAccelerationZaxis",-0.425017413478261
"966","13","WALKING_DOWNSTAIRS","stdAccelerationZaxis",-0.158333146191489
"967","18","WALKING_DOWNSTAIRS","stdAccelerationZaxis",-0.418610127454545
"968","20","WALKING_DOWNSTAIRS","stdAccelerationZaxis",-0.160938536488889
"969","24","WALKING_DOWNSTAIRS","stdAccelerationZaxis",-0.205566380745455
"970","1","WALKING_DOWNSTAIRS","stdAccelerationZaxis",-0.230434213204082
"971","3","WALKING_DOWNSTAIRS","stdAccelerationZaxis",-0.362240245489796
"972","5","WALKING_DOWNSTAIRS","stdAccelerationZaxis",-0.325891435319149
"973","6","WALKING_DOWNSTAIRS","stdAccelerationZaxis",-0.320204232520417
"974","7","WALKING_DOWNSTAIRS","stdAccelerationZaxis",-0.0636402447755319
"975","8","WALKING_DOWNSTAIRS","stdAccelerationZaxis",0.1337170395
"976","11","WALKING_DOWNSTAIRS","stdAccelerationZaxis",-0.324026938043478
"977","14","WALKING_DOWNSTAIRS","stdAccelerationZaxis",0.451576075111111
"978","15","WALKING_DOWNSTAIRS","stdAccelerationZaxis",-0.281982181666667
"979","16","WALKING_DOWNSTAIRS","stdAccelerationZaxis",0.0114353944787234
"980","17","WALKING_DOWNSTAIRS","stdAccelerationZaxis",-0.231064156615217
"981","19","WALKING_DOWNSTAIRS","stdAccelerationZaxis",0.049322451025641
"982","21","WALKING_DOWNSTAIRS","stdAccelerationZaxis",-0.0717893558666667
"983","22","WALKING_DOWNSTAIRS","stdAccelerationZaxis",-0.325722718055556
"984","23","WALKING_DOWNSTAIRS","stdAccelerationZaxis",0.229898742944444
"985","25","WALKING_DOWNSTAIRS","stdAccelerationZaxis",-0.457972381896552
"986","26","WALKING_DOWNSTAIRS","stdAccelerationZaxis",-0.284807676
"987","27","WALKING_DOWNSTAIRS","stdAccelerationZaxis",-0.240040783340909
"988","28","WALKING_DOWNSTAIRS","stdAccelerationZaxis",-0.341031811521739
"989","29","WALKING_DOWNSTAIRS","stdAccelerationZaxis",-0.223177999879167
"990","30","WALKING_DOWNSTAIRS","stdAccelerationZaxis",-0.217275690290323
"991","2","SITTING","stdAccelerationZaxis",-0.95982817173913
"992","4","SITTING","stdAccelerationZaxis",-0.9322030066
"993","9","SITTING","stdAccelerationZaxis",-0.83200187268
"994","10","SITTING","stdAccelerationZaxis",-0.967826981666667
"995","12","SITTING","stdAccelerationZaxis",-0.939661889019608
"996","13","SITTING","stdAccelerationZaxis",-0.938641215510204
"997","18","SITTING","stdAccelerationZaxis",-0.977572717017544
"998","20","SITTING","stdAccelerationZaxis",-0.929106396818182
"999","24","SITTING","stdAccelerationZaxis",-0.957056111470588
"1000","1","SITTING","stdAccelerationZaxis",-0.93958629106383
"1001","3","SITTING","stdAccelerationZaxis",-0.875110175384615
"1002","5","SITTING","stdAccelerationZaxis",-0.926094740227273
"1003","6","SITTING","stdAccelerationZaxis",-0.925797097090909
"1004","7","SITTING","stdAccelerationZaxis",-0.8565329414375
"1005","8","SITTING","stdAccelerationZaxis",-0.939553030217391
"1006","11","SITTING","stdAccelerationZaxis",-0.968370181886792
"1007","14","SITTING","stdAccelerationZaxis",-0.922774835740741
"1008","15","SITTING","stdAccelerationZaxis",-0.949338025084746
"1009","16","SITTING","stdAccelerationZaxis",-0.939672247101449
"1010","17","SITTING","stdAccelerationZaxis",-0.96572919578125
"1011","19","SITTING","stdAccelerationZaxis",-0.951929615068493
"1012","21","SITTING","stdAccelerationZaxis",-0.959567861764706
"1013","22","SITTING","stdAccelerationZaxis",-0.917564853870968
"1014","23","SITTING","stdAccelerationZaxis",-0.905584390323529
"1015","25","SITTING","stdAccelerationZaxis",-0.965139552153846
"1016","26","SITTING","stdAccelerationZaxis",-0.950004414102564
"1017","27","SITTING","stdAccelerationZaxis",-0.965858735142857
"1018","28","SITTING","stdAccelerationZaxis",-0.936667245694444
"1019","29","SITTING","stdAccelerationZaxis",-0.968063878166667
"1020","30","SITTING","stdAccelerationZaxis",-0.950654041290323
"1021","2","STANDING","stdAccelerationZaxis",-0.949741851296296
"1022","4","STANDING","stdAccelerationZaxis",-0.896880538392857
"1023","9","STANDING","stdAccelerationZaxis",-0.919295805777778
"1024","10","STANDING","stdAccelerationZaxis",-0.941271440454545
"1025","12","STANDING","stdAccelerationZaxis",-0.920684800114754
"1026","13","STANDING","stdAccelerationZaxis",-0.967538031754386
"1027","18","STANDING","stdAccelerationZaxis",-0.961873909178082
"1028","20","STANDING","stdAccelerationZaxis",-0.913142481643836
"1029","24","STANDING","stdAccelerationZaxis",-0.930283530144928
"1030","1","STANDING","stdAccelerationZaxis",-0.979775876981132
"1031","3","STANDING","stdAccelerationZaxis",-0.911419015081967
"1032","5","STANDING","stdAccelerationZaxis",-0.869327321785714
"1033","6","STANDING","stdAccelerationZaxis",-0.925692371929825
"1034","7","STANDING","stdAccelerationZaxis",-0.917064168490566
"1035","8","STANDING","stdAccelerationZaxis",-0.926065255185185
"1036","11","STANDING","stdAccelerationZaxis",-0.986382712765957
"1037","14","STANDING","stdAccelerationZaxis",-0.9222763115
"1038","15","STANDING","stdAccelerationZaxis",-0.951670257924528
"1039","16","STANDING","stdAccelerationZaxis",-0.953468961666667
"1040","17","STANDING","stdAccelerationZaxis",-0.970462679230769
"1041","19","STANDING","stdAccelerationZaxis",-0.952599653972603
"1042","21","STANDING","stdAccelerationZaxis",-0.946123407078652
"1043","22","STANDING","stdAccelerationZaxis",-0.942201655238095
"1044","23","STANDING","stdAccelerationZaxis",-0.929409745147059
"1045","25","STANDING","stdAccelerationZaxis",-0.964642688108108
"1046","26","STANDING","stdAccelerationZaxis",-0.962988401351351
"1047","27","STANDING","stdAccelerationZaxis",-0.962408444875
"1048","28","STANDING","stdAccelerationZaxis",-0.905123824177215
"1049","29","STANDING","stdAccelerationZaxis",-0.980207488923077
"1050","30","STANDING","stdAccelerationZaxis",-0.912850596949152
"1051","2","LAYING","stdAccelerationZaxis",-0.984233296875
"1052","4","LAYING","stdAccelerationZaxis",-0.962667314814815
"1053","9","LAYING","stdAccelerationZaxis",-0.9407072854
"1054","10","LAYING","stdAccelerationZaxis",-0.95947148637931
"1055","12","LAYING","stdAccelerationZaxis",-0.9483338435
"1056","13","LAYING","stdAccelerationZaxis",-0.950392995483871
"1057","18","LAYING","stdAccelerationZaxis",-0.987658662307692
"1058","20","LAYING","stdAccelerationZaxis",-0.972571998382353
"1059","24","LAYING","stdAccelerationZaxis",-0.973566958888889
"1060","1","LAYING","stdAccelerationZaxis",-0.826061401628
"1061","3","LAYING","stdAccelerationZaxis",-0.96369103483871
"1062","5","LAYING","stdAccelerationZaxis",-0.968562516346154
"1063","6","LAYING","stdAccelerationZaxis",-0.925216100350877
"1064","7","LAYING","stdAccelerationZaxis",-0.952978365961539
"1065","8","LAYING","stdAccelerationZaxis",-0.932491454407407
"1066","11","LAYING","stdAccelerationZaxis",-0.971311176842105
"1067","14","LAYING","stdAccelerationZaxis",-0.900331921686275
"1068","15","LAYING","stdAccelerationZaxis",-0.929586835277778
"1069","16","LAYING","stdAccelerationZaxis",-0.965490276285714
"1070","17","LAYING","stdAccelerationZaxis",-0.953476700140845
"1071","19","LAYING","stdAccelerationZaxis",-0.984672837228916
"1072","21","LAYING","stdAccelerationZaxis",-0.945653787777778
"1073","22","LAYING","stdAccelerationZaxis",-0.942945807916667
"1074","23","LAYING","stdAccelerationZaxis",-0.973223495416667
"1075","25","LAYING","stdAccelerationZaxis",-0.717262004013699
"1076","26","LAYING","stdAccelerationZaxis",-0.984500013157895
"1077","27","LAYING","stdAccelerationZaxis",-0.986636996081081
"1078","28","LAYING","stdAccelerationZaxis",-0.956450342875
"1079","29","LAYING","stdAccelerationZaxis",-0.987255149855072
"1080","30","LAYING","stdAccelerationZaxis",-0.967044236428571
